period,pt,unique_reports
2015Q1,ABNORMAL UTERINE BLEEDING,0
2015Q1,HEAVY MENSTRUAL BLEEDING,0
2015Q1,INTERMENSTRUAL BLEEDING,0
2015Q1,UTERINE HAEMORRHAGE,52
2015Q1,VAGINAL HAEMORRHAGE,794
2015Q2,ABNORMAL UTERINE BLEEDING,0
2015Q2,HEAVY MENSTRUAL BLEEDING,0
2015Q2,INTERMENSTRUAL BLEEDING,0
2015Q2,UTERINE HAEMORRHAGE,63
2015Q2,VAGINAL HAEMORRHAGE,926
2015Q3,ABNORMAL UTERINE BLEEDING,0
2015Q3,HEAVY MENSTRUAL BLEEDING,0
2015Q3,INTERMENSTRUAL BLEEDING,0
2015Q3,UTERINE HAEMORRHAGE,59
2015Q3,VAGINAL HAEMORRHAGE,697
2015Q4,ABNORMAL UTERINE BLEEDING,0
2015Q4,HEAVY MENSTRUAL BLEEDING,0
2015Q4,INTERMENSTRUAL BLEEDING,0
2015Q4,UTERINE HAEMORRHAGE,58
2015Q4,VAGINAL HAEMORRHAGE,890
2016Q1,ABNORMAL UTERINE BLEEDING,0
2016Q1,HEAVY MENSTRUAL BLEEDING,0
2016Q1,INTERMENSTRUAL BLEEDING,0
2016Q1,UTERINE HAEMORRHAGE,53
2016Q1,VAGINAL HAEMORRHAGE,881
2016Q2,ABNORMAL UTERINE BLEEDING,0
2016Q2,HEAVY MENSTRUAL BLEEDING,0
2016Q2,INTERMENSTRUAL BLEEDING,0
2016Q2,UTERINE HAEMORRHAGE,66
2016Q2,VAGINAL HAEMORRHAGE,1007
2016Q3,ABNORMAL UTERINE BLEEDING,0
2016Q3,HEAVY MENSTRUAL BLEEDING,0
2016Q3,INTERMENSTRUAL BLEEDING,0
2016Q3,UTERINE HAEMORRHAGE,74
2016Q3,VAGINAL HAEMORRHAGE,913
2016Q4,ABNORMAL UTERINE BLEEDING,0
2016Q4,HEAVY MENSTRUAL BLEEDING,0
2016Q4,INTERMENSTRUAL BLEEDING,0
2016Q4,UTERINE HAEMORRHAGE,62
2016Q4,VAGINAL HAEMORRHAGE,908
2017Q1,ABNORMAL UTERINE BLEEDING,0
2017Q1,HEAVY MENSTRUAL BLEEDING,0
2017Q1,INTERMENSTRUAL BLEEDING,0
2017Q1,UTERINE HAEMORRHAGE,70
2017Q1,VAGINAL HAEMORRHAGE,838
2017Q2,ABNORMAL UTERINE BLEEDING,0
2017Q2,HEAVY MENSTRUAL BLEEDING,0
2017Q2,INTERMENSTRUAL BLEEDING,0
2017Q2,UTERINE HAEMORRHAGE,73
2017Q2,VAGINAL HAEMORRHAGE,1007
2017Q3,ABNORMAL UTERINE BLEEDING,0
2017Q3,HEAVY MENSTRUAL BLEEDING,0
2017Q3,INTERMENSTRUAL BLEEDING,0
2017Q3,UTERINE HAEMORRHAGE,82
2017Q3,VAGINAL HAEMORRHAGE,782
2017Q4,ABNORMAL UTERINE BLEEDING,0
2017Q4,HEAVY MENSTRUAL BLEEDING,0
2017Q4,INTERMENSTRUAL BLEEDING,0
2017Q4,UTERINE HAEMORRHAGE,77
2017Q4,VAGINAL HAEMORRHAGE,634
2018Q1,ABNORMAL UTERINE BLEEDING,0
2018Q1,HEAVY MENSTRUAL BLEEDING,0
2018Q1,INTERMENSTRUAL BLEEDING,0
2018Q1,UTERINE HAEMORRHAGE,67
2018Q1,VAGINAL HAEMORRHAGE,728
2018Q2,ABNORMAL UTERINE BLEEDING,0
2018Q2,HEAVY MENSTRUAL BLEEDING,0
2018Q2,INTERMENSTRUAL BLEEDING,0
2018Q2,UTERINE HAEMORRHAGE,51
2018Q2,VAGINAL HAEMORRHAGE,762
2018Q3,ABNORMAL UTERINE BLEEDING,0
2018Q3,HEAVY MENSTRUAL BLEEDING,0
2018Q3,INTERMENSTRUAL BLEEDING,0
2018Q3,UTERINE HAEMORRHAGE,51
2018Q3,VAGINAL HAEMORRHAGE,636
2018Q4,ABNORMAL UTERINE BLEEDING,0
2018Q4,HEAVY MENSTRUAL BLEEDING,0
2018Q4,INTERMENSTRUAL BLEEDING,0
2018Q4,UTERINE HAEMORRHAGE,71
2018Q4,VAGINAL HAEMORRHAGE,706
2019Q1,ABNORMAL UTERINE BLEEDING,0
2019Q1,HEAVY MENSTRUAL BLEEDING,0
2019Q1,INTERMENSTRUAL BLEEDING,0
2019Q1,UTERINE HAEMORRHAGE,63
2019Q1,VAGINAL HAEMORRHAGE,483
2019Q2,ABNORMAL UTERINE BLEEDING,0
2019Q2,HEAVY MENSTRUAL BLEEDING,0
2019Q2,INTERMENSTRUAL BLEEDING,0
2019Q2,UTERINE HAEMORRHAGE,92
2019Q2,VAGINAL HAEMORRHAGE,828
2019Q3,ABNORMAL UTERINE BLEEDING,0
2019Q3,HEAVY MENSTRUAL BLEEDING,0
2019Q3,INTERMENSTRUAL BLEEDING,0
2019Q3,UTERINE HAEMORRHAGE,61
2019Q3,VAGINAL HAEMORRHAGE,1084
2019Q4,ABNORMAL UTERINE BLEEDING,0
2019Q4,HEAVY MENSTRUAL BLEEDING,0
2019Q4,INTERMENSTRUAL BLEEDING,0
2019Q4,UTERINE HAEMORRHAGE,63
2019Q4,VAGINAL HAEMORRHAGE,855
2020Q1,ABNORMAL UTERINE BLEEDING,0
2020Q1,HEAVY MENSTRUAL BLEEDING,0
2020Q1,INTERMENSTRUAL BLEEDING,0
2020Q1,UTERINE HAEMORRHAGE,110
2020Q1,VAGINAL HAEMORRHAGE,701
2020Q2,ABNORMAL UTERINE BLEEDING,0
2020Q2,HEAVY MENSTRUAL BLEEDING,0
2020Q2,INTERMENSTRUAL BLEEDING,0
2020Q2,UTERINE HAEMORRHAGE,123
2020Q2,VAGINAL HAEMORRHAGE,1059
2020Q3,ABNORMAL UTERINE BLEEDING,0
2020Q3,HEAVY MENSTRUAL BLEEDING,0
2020Q3,INTERMENSTRUAL BLEEDING,0
2020Q3,UTERINE HAEMORRHAGE,87
2020Q3,VAGINAL HAEMORRHAGE,653
2020Q4,ABNORMAL UTERINE BLEEDING,0
2020Q4,HEAVY MENSTRUAL BLEEDING,0
2020Q4,INTERMENSTRUAL BLEEDING,0
2020Q4,UTERINE HAEMORRHAGE,85
2020Q4,VAGINAL HAEMORRHAGE,695
2021Q1,ABNORMAL UTERINE BLEEDING,0
2021Q1,HEAVY MENSTRUAL BLEEDING,0
2021Q1,INTERMENSTRUAL BLEEDING,0
2021Q1,UTERINE HAEMORRHAGE,54
2021Q1,VAGINAL HAEMORRHAGE,451
2021Q2,ABNORMAL UTERINE BLEEDING,32
2021Q2,HEAVY MENSTRUAL BLEEDING,352
2021Q2,INTERMENSTRUAL BLEEDING,144
2021Q2,UTERINE HAEMORRHAGE,60
2021Q2,VAGINAL HAEMORRHAGE,531
2021Q3,ABNORMAL UTERINE BLEEDING,42
2021Q3,HEAVY MENSTRUAL BLEEDING,276
2021Q3,INTERMENSTRUAL BLEEDING,109
2021Q3,UTERINE HAEMORRHAGE,46
2021Q3,VAGINAL HAEMORRHAGE,377
2021Q4,ABNORMAL UTERINE BLEEDING,196
2021Q4,HEAVY MENSTRUAL BLEEDING,350
2021Q4,INTERMENSTRUAL BLEEDING,113
2021Q4,UTERINE HAEMORRHAGE,38
2021Q4,VAGINAL HAEMORRHAGE,443
2022Q1,ABNORMAL UTERINE BLEEDING,107
2022Q1,HEAVY MENSTRUAL BLEEDING,304
2022Q1,INTERMENSTRUAL BLEEDING,115
2022Q1,UTERINE HAEMORRHAGE,21
2022Q1,VAGINAL HAEMORRHAGE,333
2022Q2,ABNORMAL UTERINE BLEEDING,35
2022Q2,HEAVY MENSTRUAL BLEEDING,257
2022Q2,INTERMENSTRUAL BLEEDING,114
2022Q2,UTERINE HAEMORRHAGE,23
2022Q2,VAGINAL HAEMORRHAGE,292
2022Q3,ABNORMAL UTERINE BLEEDING,36
2022Q3,HEAVY MENSTRUAL BLEEDING,334
2022Q3,INTERMENSTRUAL BLEEDING,144
2022Q3,UTERINE HAEMORRHAGE,32
2022Q3,VAGINAL HAEMORRHAGE,513
2022Q4,ABNORMAL UTERINE BLEEDING,37
2022Q4,HEAVY MENSTRUAL BLEEDING,256
2022Q4,INTERMENSTRUAL BLEEDING,140
2022Q4,UTERINE HAEMORRHAGE,38
2022Q4,VAGINAL HAEMORRHAGE,317
2023Q1,ABNORMAL UTERINE BLEEDING,209
2023Q1,HEAVY MENSTRUAL BLEEDING,408
2023Q1,INTERMENSTRUAL BLEEDING,191
2023Q1,UTERINE HAEMORRHAGE,257
2023Q1,VAGINAL HAEMORRHAGE,298
2023Q2,ABNORMAL UTERINE BLEEDING,31
2023Q2,HEAVY MENSTRUAL BLEEDING,171
2023Q2,INTERMENSTRUAL BLEEDING,119
2023Q2,UTERINE HAEMORRHAGE,26
2023Q2,VAGINAL HAEMORRHAGE,244
2023Q3,ABNORMAL UTERINE BLEEDING,26
2023Q3,HEAVY MENSTRUAL BLEEDING,267
2023Q3,INTERMENSTRUAL BLEEDING,126
2023Q3,UTERINE HAEMORRHAGE,31
2023Q3,VAGINAL HAEMORRHAGE,462
2023Q4,ABNORMAL UTERINE BLEEDING,41
2023Q4,HEAVY MENSTRUAL BLEEDING,199
2023Q4,INTERMENSTRUAL BLEEDING,92
2023Q4,UTERINE HAEMORRHAGE,23
2023Q4,VAGINAL HAEMORRHAGE,213
2024Q1,ABNORMAL UTERINE BLEEDING,93
2024Q1,HEAVY MENSTRUAL BLEEDING,315
2024Q1,INTERMENSTRUAL BLEEDING,147
2024Q1,UTERINE HAEMORRHAGE,49
2024Q1,VAGINAL HAEMORRHAGE,219
2024Q2,ABNORMAL UTERINE BLEEDING,17
2024Q2,HEAVY MENSTRUAL BLEEDING,232
2024Q2,INTERMENSTRUAL BLEEDING,110
2024Q2,UTERINE HAEMORRHAGE,39
2024Q2,VAGINAL HAEMORRHAGE,471
2024Q3,ABNORMAL UTERINE BLEEDING,21
2024Q3,HEAVY MENSTRUAL BLEEDING,235
2024Q3,INTERMENSTRUAL BLEEDING,123
2024Q3,UTERINE HAEMORRHAGE,35
2024Q3,VAGINAL HAEMORRHAGE,376
2024Q4,ABNORMAL UTERINE BLEEDING,35
2024Q4,HEAVY MENSTRUAL BLEEDING,340
2024Q4,INTERMENSTRUAL BLEEDING,167
2024Q4,UTERINE HAEMORRHAGE,49
2024Q4,VAGINAL HAEMORRHAGE,343
2025Q1,ABNORMAL UTERINE BLEEDING,141
2025Q1,HEAVY MENSTRUAL BLEEDING,322
2025Q1,INTERMENSTRUAL BLEEDING,124
2025Q1,UTERINE HAEMORRHAGE,32
2025Q1,VAGINAL HAEMORRHAGE,340
2025Q2,ABNORMAL UTERINE BLEEDING,166
2025Q2,HEAVY MENSTRUAL BLEEDING,306
2025Q2,INTERMENSTRUAL BLEEDING,124
2025Q2,UTERINE HAEMORRHAGE,59
2025Q2,VAGINAL HAEMORRHAGE,533
2025Q3,ABNORMAL UTERINE BLEEDING,171
2025Q3,HEAVY MENSTRUAL BLEEDING,390
2025Q3,INTERMENSTRUAL BLEEDING,167
2025Q3,UTERINE HAEMORRHAGE,53
2025Q3,VAGINAL HAEMORRHAGE,485
2025Q4,ABNORMAL UTERINE BLEEDING,223
2025Q4,HEAVY MENSTRUAL BLEEDING,560
2025Q4,INTERMENSTRUAL BLEEDING,308
2025Q4,UTERINE HAEMORRHAGE,51
2025Q4,VAGINAL HAEMORRHAGE,416
2026Q1,ABNORMAL UTERINE BLEEDING,587
2026Q1,HEAVY MENSTRUAL BLEEDING,637
2026Q1,INTERMENSTRUAL BLEEDING,325
2026Q1,UTERINE HAEMORRHAGE,43
2026Q1,VAGINAL HAEMORRHAGE,354
