drug,variable,level_or_statistic,n,fraction,value
rivaroxaban,age_years,mean,4193,,38.69305986167422
rivaroxaban,age_years,sd,4193,,8.17257749493857
rivaroxaban,age_years,median,4193,,40.0
rivaroxaban,age_years,q1,4193,,34.0
rivaroxaban,age_years,q3,4193,,45.0
rivaroxaban,reporter_group,consumer,2409,0.5745289768662056,
rivaroxaban,reporter_group,healthcare_professional,1683,0.4013832578106368,
rivaroxaban,reporter_group,missing,64,0.015263534462198903,
rivaroxaban,reporter_group,lawyer,37,0.00882423086095874,
rivaroxaban,reporter_country_group,United States,3163,0.7543524922489864,
rivaroxaban,reporter_country_group,non-US,1030,0.2456475077510136,
rivaroxaban,calendar_period,pre_2021q1,3691,0.8802766515621273,
rivaroxaban,calendar_period,post_2021q2,398,0.09492010493679942,
rivaroxaban,calendar_period,2021q1_q2,104,0.024803243501073217,
rivaroxaban,indication_group,VTE,2166,0.5165752444550441,
rivaroxaban,indication_group,other_recorded_indication,1823,0.43477223944669685,
rivaroxaban,indication_group,AF,188,0.04483663248270928,
rivaroxaban,indication_group,no_recorded_indication,15,0.0035773908895778677,
rivaroxaban,indication_group,VTE_and_AF,1,0.00023849272597185786,
apixaban,age_years,mean,1985,,39.28211586901763
apixaban,age_years,sd,1985,,7.932172618918833
apixaban,age_years,median,1985,,41.0
apixaban,age_years,q1,1985,,34.0
apixaban,age_years,q3,1985,,46.0
apixaban,reporter_group,consumer,1059,0.5335012594458438,
apixaban,reporter_group,healthcare_professional,842,0.4241813602015113,
apixaban,reporter_group,missing,84,0.04231738035264484,
apixaban,reporter_country_group,United States,1425,0.7178841309823678,
apixaban,reporter_country_group,non-US,560,0.28211586901763225,
apixaban,calendar_period,post_2021q2,1087,0.5476070528967254,
apixaban,calendar_period,pre_2021q1,765,0.3853904282115869,
apixaban,calendar_period,2021q1_q2,133,0.06700251889168765,
apixaban,indication_group,other_recorded_indication,1372,0.691183879093199,
apixaban,indication_group,VTE,573,0.2886649874055416,
apixaban,indication_group,AF,31,0.015617128463476071,
apixaban,indication_group,no_recorded_indication,8,0.004030226700251889,
apixaban,indication_group,VTE_and_AF,1,0.0005037783375314861,
