drug,field,value,n,fraction
rivaroxaban,rept_cod,PER,481,0.7233082706766917
rivaroxaban,rept_cod,EXP,159,0.23909774436090225
rivaroxaban,rept_cod,DIR,25,0.03759398496240601
rivaroxaban,occp_cod,CN,481,0.7233082706766917
rivaroxaban,occp_cod,HP,82,0.12330827067669173
rivaroxaban,occp_cod,MD,48,0.07218045112781955
rivaroxaban,occp_cod,OT,26,0.039097744360902256
rivaroxaban,occp_cod,PH,14,0.021052631578947368
rivaroxaban,occp_cod,LW,7,0.010526315789473684
rivaroxaban,occp_cod,MISSING,7,0.010526315789473684
rivaroxaban,reporter_country,US,592,0.8902255639097745
rivaroxaban,reporter_country,GB,9,0.013533834586466165
rivaroxaban,reporter_country,DE,8,0.012030075187969926
rivaroxaban,reporter_country,BR,5,0.007518796992481203
rivaroxaban,reporter_country,JP,5,0.007518796992481203
rivaroxaban,reporter_country,BE,4,0.006015037593984963
rivaroxaban,reporter_country,AU,3,0.004511278195488722
rivaroxaban,reporter_country,CA,3,0.004511278195488722
rivaroxaban,reporter_country,FI,3,0.004511278195488722
rivaroxaban,reporter_country,CH,3,0.004511278195488722
rivaroxaban,reporter_country,CN,3,0.004511278195488722
rivaroxaban,reporter_country,NL,3,0.004511278195488722
rivaroxaban,reporter_country,MX,2,0.0030075187969924814
rivaroxaban,reporter_country,RU,2,0.0030075187969924814
rivaroxaban,reporter_country,CO,2,0.0030075187969924814
rivaroxaban,reporter_country,KE,2,0.0030075187969924814
rivaroxaban,reporter_country,EU,2,0.0030075187969924814
rivaroxaban,reporter_country,COUNTRY NOT SPECIFIED,1,0.0015037593984962407
rivaroxaban,reporter_country,DK,1,0.0015037593984962407
rivaroxaban,reporter_country,SA,1,0.0015037593984962407
rivaroxaban,reporter_country,CR,1,0.0015037593984962407
rivaroxaban,reporter_country,PL,1,0.0015037593984962407
rivaroxaban,reporter_country,GR,1,0.0015037593984962407
rivaroxaban,reporter_country,IT,1,0.0015037593984962407
rivaroxaban,reporter_country,TW,1,0.0015037593984962407
rivaroxaban,reporter_country,CM,1,0.0015037593984962407
rivaroxaban,reporter_country,RO,1,0.0015037593984962407
rivaroxaban,reporter_country,CZ,1,0.0015037593984962407
rivaroxaban,reporter_country,HR,1,0.0015037593984962407
rivaroxaban,reporter_country,FR,1,0.0015037593984962407
rivaroxaban,reporter_country,PT,1,0.0015037593984962407
rivaroxaban,occr_country,US,575,0.8646616541353384
rivaroxaban,occr_country,MISSING,18,0.02706766917293233
rivaroxaban,occr_country,DE,8,0.012030075187969926
rivaroxaban,occr_country,GB,8,0.012030075187969926
rivaroxaban,occr_country,BR,5,0.007518796992481203
rivaroxaban,occr_country,JP,5,0.007518796992481203
rivaroxaban,occr_country,BE,4,0.006015037593984963
rivaroxaban,occr_country,AU,3,0.004511278195488722
rivaroxaban,occr_country,CA,3,0.004511278195488722
rivaroxaban,occr_country,FI,3,0.004511278195488722
rivaroxaban,occr_country,CH,3,0.004511278195488722
rivaroxaban,occr_country,CN,3,0.004511278195488722
rivaroxaban,occr_country,NL,3,0.004511278195488722
rivaroxaban,occr_country,MX,2,0.0030075187969924814
rivaroxaban,occr_country,RU,2,0.0030075187969924814
rivaroxaban,occr_country,CO,2,0.0030075187969924814
rivaroxaban,occr_country,KE,2,0.0030075187969924814
rivaroxaban,occr_country,EU,2,0.0030075187969924814
rivaroxaban,occr_country,DK,1,0.0015037593984962407
rivaroxaban,occr_country,SA,1,0.0015037593984962407
rivaroxaban,occr_country,CR,1,0.0015037593984962407
rivaroxaban,occr_country,PR,1,0.0015037593984962407
rivaroxaban,occr_country,PL,1,0.0015037593984962407
rivaroxaban,occr_country,GR,1,0.0015037593984962407
rivaroxaban,occr_country,IT,1,0.0015037593984962407
rivaroxaban,occr_country,TW,1,0.0015037593984962407
rivaroxaban,occr_country,CM,1,0.0015037593984962407
rivaroxaban,occr_country,RO,1,0.0015037593984962407
rivaroxaban,occr_country,CZ,1,0.0015037593984962407
rivaroxaban,occr_country,HR,1,0.0015037593984962407
rivaroxaban,occr_country,FR,1,0.0015037593984962407
rivaroxaban,occr_country,PT,1,0.0015037593984962407
apixaban,rept_cod,EXP,47,0.5222222222222223
apixaban,rept_cod,PER,37,0.4111111111111111
apixaban,rept_cod,DIR,6,0.06666666666666667
apixaban,occp_cod,CN,39,0.43333333333333335
apixaban,occp_cod,MD,21,0.23333333333333334
apixaban,occp_cod,HP,17,0.18888888888888888
apixaban,occp_cod,MISSING,7,0.07777777777777778
apixaban,occp_cod,OT,4,0.044444444444444446
apixaban,occp_cod,PH,2,0.022222222222222223
apixaban,reporter_country,US,66,0.7333333333333333
apixaban,reporter_country,DE,7,0.07777777777777778
apixaban,reporter_country,FR,3,0.03333333333333333
apixaban,reporter_country,CA,3,0.03333333333333333
apixaban,reporter_country,GR,2,0.022222222222222223
apixaban,reporter_country,AR,2,0.022222222222222223
apixaban,reporter_country,SK,1,0.011111111111111112
apixaban,reporter_country,JP,1,0.011111111111111112
apixaban,reporter_country,IT,1,0.011111111111111112
apixaban,reporter_country,PR,1,0.011111111111111112
apixaban,reporter_country,SE,1,0.011111111111111112
apixaban,reporter_country,ZA,1,0.011111111111111112
apixaban,reporter_country,EU,1,0.011111111111111112
apixaban,occr_country,US,62,0.6888888888888889
apixaban,occr_country,DE,7,0.07777777777777778
apixaban,occr_country,MISSING,4,0.044444444444444446
apixaban,occr_country,FR,3,0.03333333333333333
apixaban,occr_country,CA,3,0.03333333333333333
apixaban,occr_country,GR,2,0.022222222222222223
apixaban,occr_country,AR,2,0.022222222222222223
apixaban,occr_country,SK,1,0.011111111111111112
apixaban,occr_country,JP,1,0.011111111111111112
apixaban,occr_country,IT,1,0.011111111111111112
apixaban,occr_country,PR,1,0.011111111111111112
apixaban,occr_country,SE,1,0.011111111111111112
apixaban,occr_country,ZA,1,0.011111111111111112
apixaban,occr_country,EU,1,0.011111111111111112
