population,variable,missing_n,denominator_n,missing_fraction
exclusive_rivaroxaban_primary_suspect_female_reports,age_missing_or_unconvertible,13329,47016,0.28349923430321594
eligible_rivaroxaban_primary_suspect_reports,reporter_occupation_missing,64,4193,0.015263534462198903
eligible_rivaroxaban_primary_suspect_reports,reporter_country_missing,0,4193,0.0
eligible_rivaroxaban_primary_suspect_reports,indication_not_recorded,15,4193,0.0035773908895778677
eligible_rivaroxaban_primary_suspect_reports,exact_event_date_missing,1814,4193,0.43262580491295016
exclusive_apixaban_primary_suspect_female_reports,age_missing_or_unconvertible,23582,68337,0.34508392232611906
eligible_apixaban_primary_suspect_reports,reporter_occupation_missing,84,1985,0.04231738035264484
eligible_apixaban_primary_suspect_reports,reporter_country_missing,0,1985,0.0
eligible_apixaban_primary_suspect_reports,indication_not_recorded,8,1985,0.004030226700251889
eligible_apixaban_primary_suspect_reports,exact_event_date_missing,1102,1985,0.5551637279596977
all_deduplicated_faers_cases,sex_missing,2144894,15508934,0.13830054341581438
female_deduplicated_faers_cases,age_missing_or_unconvertible,2913208,7990400,0.3645885062074489
eligible_rivaroxaban_broad_outcome_reports,exact_event_date_missing,265,665,0.39849624060150374
eligible_rivaroxaban_broad_outcome_reports,exact_drug_start_date_missing,225,665,0.3383458646616541
eligible_apixaban_broad_outcome_reports,exact_event_date_missing,50,90,0.5555555555555556
eligible_apixaban_broad_outcome_reports,exact_drug_start_date_missing,64,90,0.7111111111111111
