period,rivaroxaban_reports,rivaroxaban_aub,apixaban_reports,apixaban_aub
2015Q1,66,6,6,2
2015Q2,291,24,13,0
2015Q3,145,20,16,0
2015Q4,143,21,22,0
2016Q1,132,16,18,0
2016Q2,196,36,14,1
2016Q3,355,78,21,0
2016Q4,157,24,28,0
2017Q1,135,15,31,0
2017Q2,119,15,29,1
2017Q3,223,37,31,0
2017Q4,117,20,30,1
2018Q1,149,24,31,2
2018Q2,114,13,38,1
2018Q3,108,11,42,2
2018Q4,104,17,38,0
2019Q1,71,13,40,1
2019Q2,76,9,40,1
2019Q3,53,2,65,1
2019Q4,112,20,59,4
2020Q1,194,59,47,1
2020Q2,185,36,50,2
2020Q3,234,35,25,1
2020Q4,208,41,31,0
2021Q1,63,6,31,1
2021Q2,41,7,102,4
2021Q3,18,4,102,5
2021Q4,10,1,62,8
2022Q1,41,7,71,3
2022Q2,30,3,44,2
2022Q3,31,7,62,5
2022Q4,10,1,57,4
2023Q1,25,3,46,2
2023Q2,41,3,50,5
2023Q3,18,1,41,2
2023Q4,16,1,54,2
2024Q1,17,7,52,4
2024Q2,17,6,69,1
2024Q3,11,1,57,2
2024Q4,17,2,53,2
2025Q1,13,0,59,2
2025Q2,17,3,79,5
2025Q3,19,3,31,4
2025Q4,17,3,42,3
2026Q1,30,4,56,3
