analysis_family,a_exposed_event,b_exposed_non_event,c_comparator_event,d_comparator_non_event,ror,ror_ci95_lower,ror_ci95_upper,conditional_mle_or,conditional_exact_ci95_lower,conditional_exact_ci95_upper,prr,prr_ci95_lower,prr_ci95_upper,fisher_exact_p,jeffreys_0_5_correction,exposed_event_stable_20,comparator_event_stable_20,displayable_cells_gte_3,analysis,exposed,comparator,excluded_dual_exposure_reports,reconciliation_pass,bh_fdr_q,analysis_status,period_group
secondary_active_comparator,665,3528,8,47,1.107390873015873,0.5209074551534884,2.3541888938362705,1.1073651754853948,0.515347666740518,2.7260928735656957,1.0903589315525877,0.572430705278106,2.0769022148085186,1.0,False,True,False,True,family_A_rivaroxaban_vs_edoxaban,rivaroxaban,edoxaban,0,True,1.0,,
secondary_active_comparator,665,3528,8,272,6.408730158730159,3.1572895819589943,13.008569908222915,6.407261598020726,3.1844004090473734,15.065029892707189,5.550918196994992,2.793850698192141,11.028754274402912,9.557771560877852e-12,False,True,False,True,family_A_rivaroxaban_vs_dabigatran,rivaroxaban,dabigatran,0,True,2.8673314682633557e-11,,
secondary_active_comparator,90,1895,8,47,0.279023746701847,0.1280500084265895,0.6079987981271394,0.2793251699463927,0.12580347351663934,0.7050169191357465,0.31171284634760704,0.1592445758071935,0.6101614330385102,0.003978467062463114,False,True,False,True,family_A_apixaban_vs_edoxaban,apixaban,edoxaban,0,True,0.007956934124926228,,
secondary_active_comparator,90,1895,8,272,1.6147757255936674,0.7749210769622461,3.3648596243996494,1.6144867619734535,0.7735466923445151,3.896900857756819,1.5869017632241813,0.7784763519462438,3.2348538267452844,0.2699914687658731,False,True,False,True,family_A_apixaban_vs_dabigatran,apixaban,dabigatran,0,True,0.3239897625190477,,
prespecified_sensitivity,31,158,3,29,1.8966244725738397,0.5436662633899915,6.616530456637156,1.8919793674775507,0.5335040711458573,10.303130520126954,1.7495590828924161,0.5683889549498138,5.385321016312889,0.42965229642527514,False,True,False,True,atrial_fibrillation_only,rivaroxaban,apixaban,0,True,0.42965229642527514,,
post_result_outcome_decomposition,2,4191,0,1985,2.368483836335441,0.11364924031021896,49.35990480596144,inf,0.08890376897368377,inf,2.367668097281831,0.11371681422733848,49.296599249422826,1.0,True,False,False,False,post_result_pt_abnormal_uterine_bleeding,rivaroxaban,apixaban,0,True,1.0,post_result_explanatory,
post_result_outcome_decomposition,5,4188,4,1981,0.5912726838586437,0.1585997128167288,2.2043128607766818,0.5913268165387053,0.12712584226291607,2.9833922274329536,0.5917600763176722,0.15907537319358586,2.201346323401975,0.4808733853780769,False,False,False,True,post_result_pt_intermenstrual_bleeding,rivaroxaban,apixaban,0,True,0.5495695832892308,post_result_explanatory,
post_result_outcome_decomposition,163,4030,10,1975,7.988213399503722,4.208750069469525,15.161639979266733,7.986591425301902,4.220843604590277,17.008038878967916,7.716551395182448,4.083965360128216,14.580232735525154,1.8757159623804106e-17,False,True,False,True,post_result_pt_uterine_haemorrhage,rivaroxaban,apixaban,0,True,5.001909233014428e-17,post_result_explanatory,
post_result_outcome_decomposition,165,4028,10,1975,8.09024329692155,4.263455386795451,15.35187557165454,8.08859568113857,4.276051026486982,17.22144018200568,7.811233007393275,4.135003653182005,14.755817941983457,7.50040350397264e-18,False,True,False,True,post_result_uterine_specific,rivaroxaban,apixaban,0,True,3.000161401589056e-17,post_result_explanatory,
calendar_period,13,91,5,128,3.657142857142857,1.2596364191988998,10.617900271617282,3.6374673388849086,1.166003734446074,13.49895793773646,3.325,1.2244204891428359,9.029271478248102,0.013886081371862369,False,False,False,True,calendar_2021q1_q2,rivaroxaban,apixaban,0,True,,,2021q1_q2
